client_id,age,region,forfait_type,appels_min,data_mo,sms_envoyes,montant_facture
10001,56,Sud-Ouest,prépayé,39,2363,29,2362
10002,69,Centre,prépayé,220,1300,41,6045
10003,46,Littoral,prépayé,124,1612,36,4624
10004,32,Littoral,postpayé,57,1966,29,7540
10005,60,Sud-Ouest,prépayé,135,790,27,4654
10006,25,Sud-Ouest,prépayé,91,619,18,3845
10007,38,Adamaoua,prépayé,368,737,40,6622
10008,56,Centre,prépayé,288,2131,35,7628
10009,36,Nord-Ouest,postpayé,199,1224,33,2994
10010,40,Centre,prépayé,347,2779,24,4816
10011,28,Littoral,prépayé,207,1217,20,1824
10012,28,Nord-Ouest,prépayé,113,1592,36,1000
10013,41,Centre,prépayé,352,2271,22,5601
10014,53,Centre,prépayé,253,2503,27,6826
10015,57,Sud-Ouest,postpayé,96,2530,30,5786
10016,41,Nord-Ouest,prépayé,180,2104,28,1000
10017,20,Littoral,prépayé,112,2012,27,3947
10018,39,Nord-Ouest,prépayé,61,1796,43,1000
10019,19,Adamaoua,prépayé,292,1889,28,9109
10020,41,Centre,postpayé,390,1224,22,1741
10021,61,Adamaoua,prépayé,60,1090,31,8766
10022,47,Sud-Ouest,prépayé,256,1498,33,7837
10023,55,Littoral,postpayé,134,1414,37,2298
10024,19,Centre,prépayé,151,1273,29,1601
10025,38,Adamaoua,prépayé,140,1848,24,6051
10026,50,Littoral,postpayé,113,1977,24,2467
10027,29,Centre,prépayé,204,1544,25,5307
10028,39,Centre,postpayé,116,2238,24,3551
10029,61,Adamaoua,prépayé,227,929,34,1000
10030,42,Sud-Ouest,prépayé,194,1403,30,1000
10031,66,Adamaoua,prépayé,176,1141,21,5680
10032,44,Sud-Ouest,prépayé,109,566,24,3315
10033,59,Nord-Ouest,prépayé,142,1458,25,3340
10034,45,Adamaoua,prépayé,275,1439,22,7087
10035,33,Littoral,prépayé,250,2256,30,8520
10036,32,Nord-Ouest,postpayé,102,1815,26,4182
10037,64,Adamaoua,prépayé,209,987,28,3978
10038,68,Sud-Ouest,prépayé,275,2427,32,6500
10039,61,Adamaoua,prépayé,33,2110,29,1000
10040,69,Nord-Ouest,prépayé,254,1791,31,5669
10041,20,Sud-Ouest,postpayé,133,1386,33,6655
10042,54,Centre,prépayé,257,1020,30,7040
10043,68,Littoral,postpayé,123,1313,37,1000
10044,24,Littoral,prépayé,19,2044,30,2715
10045,38,Centre,postpayé,37,2442,32,2365
10046,26,Littoral,prépayé,204,2271,27,5299
10047,56,Centre,prépayé,225,1255,33,6442
10048,35,Littoral,prépayé,109,940,28,9490
10049,21,Sud-Ouest,postpayé,263,1570,25,3515
10050,42,Littoral,prépayé,33,615,29,3507
10051,31,Littoral,postpayé,193,1661,35,8449
10052,67,Littoral,postpayé,78,1426,30,5889
10053,26,Littoral,prépayé,134,1266,32,8802
10054,43,Adamaoua,prépayé,204,702,26,5866
10055,19,Sud-Ouest,postpayé,113,1756,34,1528
10056,37,Sud-Ouest,prépayé,161,1233,36,1000
10057,45,Centre,prépayé,300,915,27,1000
10058,64,Sud-Ouest,prépayé,142,63,29,6986
10059,24,Centre,prépayé,283,1486,29,8565
10060,61,Littoral,prépayé,87,2386,28,10548
10061,25,Adamaoua,postpayé,252,2330,38,7529
10062,64,Sud-Ouest,prépayé,344,1271,20,8488
10063,52,Nord-Ouest,prépayé,0,1198,28,3259
10064,31,Sud-Ouest,prépayé,120,1734,46,1530
10065,34,Adamaoua,prépayé,257,1000,32,7550
10066,53,Sud-Ouest,prépayé,179,1650,28,6253
10067,67,Littoral,prépayé,237,1883,31,5322
10068,57,Centre,prépayé,139,2113,25,6162
10069,21,Littoral,prépayé,208,1449,28,5969
10070,19,Littoral,postpayé,184,1398,28,8851
10071,23,Littoral,prépayé,316,1061,34,8884
10072,59,Adamaoua,prépayé,225,1086,33,6632
10073,21,Adamaoua,prépayé,233,1386,25,7537
10074,46,Littoral,prépayé,158,1683,30,6542
10075,35,Sud-Ouest,postpayé,151,1956,35,3616
10076,43,Littoral,postpayé,156,1098,31,7269
10077,61,Adamaoua,prépayé,239,2246,35,1000
10078,51,Nord-Ouest,postpayé,157,1364,35,8161
10079,27,Littoral,postpayé,228,1489,35,1416
10080,53,Littoral,prépayé,407,1126,23,5857
10081,31,Nord-Ouest,prépayé,287,287,32,2464
10082,48,Littoral,prépayé,167,1942,24,6660
10083,65,Nord-Ouest,prépayé,320,1868,38,4898
10084,32,Adamaoua,prépayé,159,1359,39,1000
10085,25,Littoral,prépayé,0,1533,32,6262
10086,31,Littoral,prépayé,99,1757,38,3266
10087,40,Adamaoua,prépayé,12,718,32,7643
10088,57,Nord-Ouest,prépayé,164,1235,30,5003
10089,38,Centre,prépayé,201,1897,26,6186
10090,33,Centre,prépayé,367,872,27,2127
10091,62,Centre,postpayé,232,1646,25,3232
10092,35,Sud-Ouest,prépayé,178,821,39,3624
10093,64,Sud-Ouest,postpayé,282,1733,24,7570
10094,41,Nord-Ouest,prépayé,0,1482,33,10032
10095,43,Centre,prépayé,223,692,36,2584
10096,42,Littoral,postpayé,277,2082,35,8230
10097,62,Adamaoua,postpayé,52,1132,33,1000
10098,58,Nord-Ouest,prépayé,314,1094,41,1417
10099,46,Adamaoua,prépayé,233,1600,27,2123
10100,32,Adamaoua,prépayé,158,2074,24,1000
10101,62,Centre,prépayé,263,992,25,1000
10102,18,Sud-Ouest,prépayé,427,1530,26,6238
10103,42,Sud-Ouest,prépayé,218,1714,34,4357
10104,24,Nord-Ouest,prépayé,224,1846,21,6138
10105,26,Littoral,postpayé,154,1588,28,7071
10106,41,Sud-Ouest,postpayé,115,1316,25,5796
10107,18,Centre,postpayé,283,1086,27,6973
10108,61,Nord-Ouest,postpayé,114,1543,38,4791
10109,25,Nord-Ouest,prépayé,207,963,26,1439
10110,41,Adamaoua,prépayé,152,39,20,8173
10111,28,Adamaoua,prépayé,247,1718,34,3232
10112,68,Littoral,prépayé,233,1951,25,2193
10113,34,Nord-Ouest,prépayé,303,318,28,4466
10114,25,Centre,prépayé,148,995,35,2261
10115,52,Adamaoua,prépayé,173,1809,27,3747
10116,52,Adamaoua,postpayé,102,2528,25,6032
10117,50,Littoral,prépayé,155,1510,35,6045
10118,22,Sud-Ouest,postpayé,237,1135,34,2306
10119,59,Sud-Ouest,prépayé,275,1408,36,3536
10120,56,Centre,postpayé,107,2187,31,8222
10121,58,Sud-Ouest,postpayé,286,1177,37,6489
10122,45,Nord-Ouest,postpayé,335,1100,34,11225
10123,24,Sud-Ouest,postpayé,241,1258,33,8540
10124,26,Nord-Ouest,prépayé,387,1023,25,8432
10125,25,Centre,prépayé,122,1561,27,1000
10126,29,Littoral,prépayé,75,2312,35,7291
10127,51,Centre,postpayé,22,1661,31,4840
10128,50,Adamaoua,postpayé,349,1373,29,3347
10129,65,Adamaoua,prépayé,265,1354,33,5504
10130,40,Adamaoua,prépayé,194,718,41,7835
10131,41,Littoral,postpayé,227,1941,30,6502
10132,54,Centre,prépayé,87,1461,33,2364
10133,52,Adamaoua,prépayé,444,1409,26,7227
10134,61,Adamaoua,prépayé,212,3096,32,3087
10135,57,Centre,postpayé,210,1649,24,5650
10136,39,Nord-Ouest,prépayé,272,1124,29,4089
10137,44,Centre,prépayé,248,1286,36,4343
10138,52,Sud-Ouest,prépayé,222,2074,32,7298
10139,18,Sud-Ouest,prépayé,120,1556,36,1879
10140,52,Centre,prépayé,247,780,44,10835
10141,54,Nord-Ouest,postpayé,388,1959,30,1000
10142,64,Nord-Ouest,prépayé,334,1165,23,3206
10143,31,Littoral,prépayé,359,2436,31,6110
10144,20,Adamaoua,prépayé,148,2040,28,6752
10145,18,Nord-Ouest,prépayé,101,1276,21,4698
10146,22,Littoral,postpayé,187,2140,33,4827
10147,43,Nord-Ouest,postpayé,205,1533,24,6231
10148,31,Sud-Ouest,prépayé,309,1926,26,4306
10149,56,Littoral,prépayé,30,1742,38,9179
10150,44,Littoral,prépayé,352,1076,36,7518
10151,26,Adamaoua,prépayé,184,1178,27,7618
10152,32,Sud-Ouest,prépayé,157,2014,21,2101
10153,32,Nord-Ouest,prépayé,98,1332,20,4761
10154,43,Nord-Ouest,prépayé,34,1298,25,4098
10155,59,Centre,prépayé,282,1022,26,1983
10156,30,Littoral,prépayé,207,1711,24,6080
10157,68,Littoral,prépayé,71,2531,26,3387
10158,49,Nord-Ouest,prépayé,70,966,27,6966
10159,56,Littoral,postpayé,166,1512,25,1789
10160,66,Littoral,prépayé,366,2206,26,10157
10161,69,Centre,prépayé,174,1460,33,2311
10162,49,Sud-Ouest,prépayé,49,1726,25,5657
10163,21,Littoral,prépayé,175,968,23,7375
10164,47,Adamaoua,prépayé,172,1714,37,3288
10165,54,Adamaoua,prépayé,0,1406,21,7557
10166,40,Centre,prépayé,194,1992,27,1312
10167,56,Littoral,prépayé,176,2093,35,9356
10168,62,Sud-Ouest,prépayé,269,2794,31,5042
10169,32,Littoral,prépayé,384,1789,23,3210
10170,60,Centre,prépayé,312,1662,26,4102
10171,46,Adamaoua,prépayé,173,1597,21,7426
10172,53,Nord-Ouest,prépayé,89,1323,27,3246
10173,30,Nord-Ouest,prépayé,457,1669,19,2751
10174,49,Sud-Ouest,prépayé,205,1352,29,4335
10175,24,Adamaoua,prépayé,201,1584,31,1469
10176,68,Centre,postpayé,197,2158,27,10461
10177,39,Centre,prépayé,219,996,38,3300
10178,45,Nord-Ouest,prépayé,185,2069,24,7494
10179,19,Nord-Ouest,postpayé,142,2158,34,5628
10180,59,Nord-Ouest,prépayé,145,1440,30,2046
10181,62,Sud-Ouest,postpayé,196,439,28,4982
10182,23,Sud-Ouest,postpayé,145,1196,28,7352
10183,45,Adamaoua,prépayé,128,2148,29,4435
10184,45,Centre,postpayé,210,1488,23,8579
10185,61,Nord-Ouest,prépayé,174,1000,42,8064
10186,61,Littoral,prépayé,350,1247,31,7756
10187,37,Adamaoua,postpayé,0,1920,30,3621
10188,47,Littoral,postpayé,309,1773,25,1760
10189,28,Centre,prépayé,324,1380,28,3159
10190,45,Nord-Ouest,prépayé,0,1316,23,5588
10191,42,Nord-Ouest,postpayé,165,1304,24,6637
10192,56,Littoral,prépayé,162,1038,25,1000
10193,50,Littoral,prépayé,59,2307,36,4975
10194,18,Adamaoua,prépayé,122,1338,31,5474
10195,44,Nord-Ouest,prépayé,88,2108,28,4167
10196,69,Adamaoua,postpayé,375,2260,28,8873
10197,30,Nord-Ouest,prépayé,293,1999,31,6265
10198,58,Centre,postpayé,327,1284,35,8930
10199,20,Adamaoua,postpayé,272,1701,33,4352
10200,56,Adamaoua,prépayé,87,1487,25,7812
10201,23,Adamaoua,postpayé,147,1048,26,9905
10202,25,Adamaoua,prépayé,248,1662,35,8935
10203,44,Adamaoua,prépayé,77,910,34,1723
10204,26,Centre,prépayé,271,2093,29,4238
10205,54,Nord-Ouest,prépayé,175,1267,21,3964
10206,50,Littoral,prépayé,162,1600,39,6467
10207,68,Nord-Ouest,prépayé,271,1641,26,7059
10208,59,Centre,prépayé,244,1370,29,2483
10209,61,Littoral,prépayé,163,1793,34,5203
10210,41,Adamaoua,prépayé,315,1262,30,1000
10211,32,Littoral,prépayé,91,1935,35,9325
10212,49,Sud-Ouest,prépayé,261,827,36,3462
10213,49,Nord-Ouest,postpayé,259,1563,27,5167
10214,41,Nord-Ouest,prépayé,169,2469,30,4071
10215,58,Adamaoua,postpayé,232,999,18,8438
10216,69,Adamaoua,postpayé,74,1161,31,1000
10217,66,Nord-Ouest,postpayé,292,1756,36,4950
10218,66,Sud-Ouest,prépayé,181,1589,25,4682
10219,69,Centre,prépayé,147,1675,34,3639
10220,29,Littoral,prépayé,304,1744,32,10178
10221,56,Adamaoua,prépayé,129,1817,24,2338
10222,19,Nord-Ouest,postpayé,59,2054,35,7315
10223,20,Nord-Ouest,prépayé,44,1704,34,6068
10224,66,Sud-Ouest,prépayé,260,1379,35,8784
10225,54,Centre,postpayé,71,1836,33,2998
10226,66,Nord-Ouest,prépayé,375,2449,40,2801
10227,34,Nord-Ouest,postpayé,0,1433,19,8288
10228,66,Adamaoua,postpayé,369,1012,36,6275
10229,19,Centre,prépayé,221,2053,35,1000
10230,19,Adamaoua,postpayé,190,1439,27,3382
10231,45,Centre,prépayé,145,413,40,6159
10232,40,Centre,prépayé,239,1923,32,7513
10233,54,Nord-Ouest,prépayé,196,1232,27,2962
10234,49,Sud-Ouest,postpayé,310,1454,34,1000
10235,50,Littoral,prépayé,211,1665,33,6569
10236,18,Centre,prépayé,215,1595,27,1339
10237,36,Adamaoua,prépayé,163,1854,29,1000
10238,19,Littoral,prépayé,194,1282,27,1000
10239,61,Nord-Ouest,prépayé,230,1756,41,7441
10240,43,Sud-Ouest,prépayé,28,1370,28,5385
10241,49,Nord-Ouest,prépayé,65,1869,19,4323
10242,23,Nord-Ouest,prépayé,274,1807,24,9167
10243,49,Nord-Ouest,prépayé,217,1032,29,6911
10244,21,Adamaoua,prépayé,181,2042,26,9848
10245,28,Littoral,prépayé,201,1232,33,1000
10246,34,Sud-Ouest,postpayé,234,1904,34,4896
10247,55,Littoral,prépayé,146,1683,34,1000
10248,41,Littoral,postpayé,122,2419,33,4311
10249,22,Sud-Ouest,postpayé,219,1388,28,4254
10250,69,Littoral,prépayé,102,1325,27,6879
10251,51,Littoral,prépayé,240,1490,26,5136
10252,23,Sud-Ouest,prépayé,29,1348,24,6870
10253,39,Centre,prépayé,302,1899,29,7110
10254,28,Nord-Ouest,postpayé,247,691,22,11464
10255,65,Adamaoua,postpayé,225,973,30,4054
10256,33,Adamaoua,prépayé,298,966,30,2176
10257,50,Centre,postpayé,366,1975,31,5738
10258,26,Littoral,prépayé,301,2355,24,2593
10259,23,Littoral,prépayé,15,1447,31,9445
10260,33,Adamaoua,prépayé,72,1415,27,4150
10261,46,Adamaoua,prépayé,137,1535,36,3303
10262,20,Adamaoua,prépayé,202,2080,28,3586
10263,37,Littoral,prépayé,251,1036,35,7155
10264,53,Centre,postpayé,127,1619,31,4526
10265,36,Adamaoua,prépayé,218,1987,25,3074
10266,43,Sud-Ouest,postpayé,124,1750,31,9996
10267,20,Sud-Ouest,prépayé,138,1594,30,2431
10268,36,Adamaoua,prépayé,59,2000,24,5106
10269,37,Sud-Ouest,prépayé,107,148,29,6956
10270,49,Centre,prépayé,64,1838,18,1000
10271,24,Adamaoua,prépayé,102,1172,33,6440
10272,69,Littoral,prépayé,305,584,25,1834
10273,58,Sud-Ouest,prépayé,105,1755,26,7468
10274,50,Adamaoua,prépayé,463,2186,28,2112
10275,57,Centre,prépayé,249,1431,36,7078
10276,56,Centre,prépayé,218,1976,27,8317
10277,35,Centre,prépayé,114,2306,35,7584
10278,57,Nord-Ouest,prépayé,270,2157,25,5753
10279,18,Littoral,postpayé,142,2319,29,4306
10280,28,Sud-Ouest,prépayé,212,1871,36,3270
10281,45,Sud-Ouest,prépayé,456,1537,28,9413
10282,42,Littoral,prépayé,190,699,36,2901
10283,67,Sud-Ouest,prépayé,314,1376,29,1888
10284,40,Littoral,prépayé,129,1078,40,6996
10285,48,Nord-Ouest,postpayé,196,2585,40,2611
10286,47,Adamaoua,prépayé,377,1412,30,2149
10287,59,Adamaoua,postpayé,137,1561,30,1000
10288,52,Centre,postpayé,381,1775,24,3551
10289,24,Nord-Ouest,prépayé,270,1521,34,4751
10290,33,Littoral,prépayé,143,2347,29,5729
10291,43,Centre,prépayé,263,1188,33,7853
10292,65,Sud-Ouest,prépayé,297,1597,28,6580
10293,69,Sud-Ouest,postpayé,262,1128,28,4427
10294,66,Littoral,prépayé,42,839,36,4405
10295,19,Sud-Ouest,prépayé,127,1194,28,6530
10296,18,Nord-Ouest,prépayé,175,1481,22,8817
10297,65,Nord-Ouest,postpayé,192,1285,29,5378
10298,29,Centre,prépayé,262,1153,33,3592
10299,22,Centre,prépayé,217,796,28,2021
10300,54,Adamaoua,postpayé,66,1458,24,1000
10301,49,Adamaoua,postpayé,238,747,24,6998
10302,26,Nord-Ouest,prépayé,261,1880,31,6733
10303,58,Adamaoua,postpayé,255,1541,30,6732
10304,52,Nord-Ouest,postpayé,308,771,43,4614
10305,36,Centre,prépayé,283,1345,39,9220
10306,65,Centre,prépayé,245,1123,32,3547
10307,33,Littoral,prépayé,192,1659,34,7865
10308,20,Adamaoua,prépayé,33,2170,33,4883
10309,37,Sud-Ouest,prépayé,242,562,31,3174
10310,41,Adamaoua,prépayé,220,1557,29,6777
10311,50,Adamaoua,prépayé,227,1419,39,6228
10312,41,Littoral,prépayé,72,1835,36,6070
10313,69,Littoral,postpayé,91,1606,30,5243
10314,28,Centre,prépayé,305,1124,31,4886
10315,66,Sud-Ouest,prépayé,196,1340,16,12165
10316,25,Adamaoua,prépayé,268,1101,45,8552
10317,53,Nord-Ouest,prépayé,202,2038,34,7168
10318,55,Sud-Ouest,postpayé,202,1510,33,5335
10319,57,Centre,prépayé,293,2450,42,8021
10320,37,Adamaoua,postpayé,148,1469,35,6553
10321,52,Adamaoua,postpayé,209,1145,32,5078
10322,65,Adamaoua,postpayé,153,743,33,4089
10323,42,Adamaoua,prépayé,156,598,41,4757
10324,52,Adamaoua,prépayé,169,707,32,1000
10325,42,Centre,postpayé,222,1633,27,5631
10326,46,Sud-Ouest,prépayé,152,1754,29,3534
10327,35,Littoral,prépayé,325,709,24,9778
10328,63,Adamaoua,prépayé,110,1947,21,5058
10329,35,Adamaoua,postpayé,181,1258,22,1433
10330,19,Adamaoua,postpayé,156,1573,33,4850
10331,52,Adamaoua,postpayé,344,2306,24,1861
10332,33,Littoral,prépayé,219,1948,49,6420
10333,58,Sud-Ouest,prépayé,303,1365,40,5872
10334,53,Centre,prépayé,51,1054,18,7873
10335,50,Adamaoua,prépayé,226,424,31,2627
10336,21,Adamaoua,prépayé,288,1140,27,5102
10337,50,Littoral,prépayé,208,1394,31,1000
10338,31,Adamaoua,prépayé,306,1006,26,7104
10339,38,Nord-Ouest,postpayé,148,1434,26,6556
10340,65,Littoral,prépayé,340,1538,28,6487
10341,37,Sud-Ouest,prépayé,429,1387,18,5004
10342,25,Littoral,prépayé,163,1174,25,6244
10343,24,Centre,postpayé,155,1584,21,9813
10344,20,Centre,prépayé,345,1720,27,4144
10345,34,Littoral,postpayé,357,954,21,5415
10346,50,Adamaoua,prépayé,147,2205,34,1741
10347,65,Adamaoua,postpayé,157,1450,30,2395
10348,29,Littoral,postpayé,171,1509,27,5293
10349,68,Sud-Ouest,prépayé,65,1854,30,8311
10350,39,Littoral,prépayé,108,1616,31,4231
10351,39,Adamaoua,prépayé,99,1976,34,4292
10352,63,Nord-Ouest,prépayé,123,1643,23,3779
10353,47,Adamaoua,postpayé,196,1193,28,3395
10354,55,Centre,postpayé,223,1680,33,5884
10355,55,Adamaoua,postpayé,355,928,33,1000
10356,62,Centre,prépayé,100,1554,32,8842
10357,68,Adamaoua,prépayé,298,1483,27,3003
10358,25,Littoral,prépayé,178,1395,28,7165
10359,44,Centre,postpayé,195,1435,33,1190
10360,44,Nord-Ouest,prépayé,267,559,33,7006
10361,51,Sud-Ouest,prépayé,87,1225,28,7015
10362,38,Littoral,postpayé,238,1546,34,6152
10363,47,Sud-Ouest,postpayé,216,1579,33,2016
10364,50,Nord-Ouest,prépayé,249,986,33,5748
10365,45,Littoral,postpayé,228,2132,37,1450
10366,64,Nord-Ouest,prépayé,445,1066,29,4241
10367,50,Littoral,postpayé,136,1984,28,8088
10368,22,Sud-Ouest,prépayé,146,1713,27,7390
10369,65,Centre,prépayé,137,1176,37,5045
10370,36,Adamaoua,postpayé,144,2387,40,2075
10371,21,Nord-Ouest,prépayé,136,903,36,6936
10372,52,Sud-Ouest,prépayé,318,1959,35,5058
10373,66,Sud-Ouest,prépayé,342,2000,36,1000
10374,34,Sud-Ouest,prépayé,142,1164,26,7347
10375,61,Littoral,prépayé,116,2196,35,4927
10376,45,Centre,prépayé,247,1374,37,8607
10377,47,Sud-Ouest,prépayé,144,1644,33,1714
10378,46,Littoral,postpayé,263,1630,27,1000
10379,63,Littoral,prépayé,220,1432,31,5837
10380,23,Adamaoua,prépayé,48,1905,33,5874
10381,52,Sud-Ouest,postpayé,354,1896,29,1000
10382,58,Littoral,postpayé,379,625,35,2064
10383,54,Littoral,prépayé,138,2152,33,13265
10384,41,Nord-Ouest,postpayé,161,668,32,4083
10385,46,Nord-Ouest,prépayé,228,2016,25,7192
10386,66,Littoral,prépayé,233,2063,23,3048
10387,63,Centre,postpayé,265,954,37,1000
10388,48,Nord-Ouest,prépayé,401,1294,34,4489
10389,52,Adamaoua,prépayé,182,947,30,4203
10390,50,Sud-Ouest,postpayé,120,1392,27,3800
10391,69,Adamaoua,prépayé,62,1345,26,4656
10392,38,Sud-Ouest,prépayé,126,1889,32,5792
10393,49,Littoral,prépayé,196,2155,31,4549
10394,40,Nord-Ouest,prépayé,379,2197,26,1207
10395,50,Centre,postpayé,148,1218,45,6458
10396,20,Littoral,prépayé,222,1395,38,1000
10397,35,Nord-Ouest,postpayé,198,658,31,1000
10398,42,Nord-Ouest,prépayé,318,1097,20,7217
10399,59,Sud-Ouest,prépayé,452,1982,32,6521
10400,48,Nord-Ouest,prépayé,146,2307,39,4827
10401,20,Nord-Ouest,prépayé,151,882,23,1000
10402,57,Littoral,prépayé,304,1203,26,2876
10403,63,Nord-Ouest,prépayé,268,1486,35,4211
10404,41,Adamaoua,postpayé,384,1640,26,1000
10405,67,Sud-Ouest,prépayé,258,1095,26,2782
10406,49,Centre,prépayé,164,1712,33,6956
10407,64,Centre,postpayé,259,1263,31,9281
10408,39,Nord-Ouest,prépayé,310,1492,34,3741
10409,40,Sud-Ouest,prépayé,282,1773,33,7269
10410,19,Littoral,prépayé,250,1503,27,1000
10411,44,Adamaoua,prépayé,306,1281,39,6978
10412,59,Sud-Ouest,prépayé,316,1445,22,2588
10413,19,Sud-Ouest,prépayé,338,1455,34,5922
10414,43,Littoral,prépayé,264,1314,22,4256
10415,34,Centre,prépayé,183,1370,34,8961
10416,57,Centre,prépayé,214,2299,26,2376
10417,50,Littoral,prépayé,320,1780,31,6882
10418,26,Nord-Ouest,prépayé,118,1352,43,4161
10419,60,Adamaoua,postpayé,236,1848,30,4525
10420,65,Centre,prépayé,160,1333,31,4448
10421,56,Nord-Ouest,prépayé,202,2086,32,2462
10422,46,Sud-Ouest,prépayé,327,1684,25,4957
10423,59,Centre,postpayé,219,1446,27,4812
10424,43,Sud-Ouest,prépayé,204,1723,29,5723
10425,52,Nord-Ouest,prépayé,64,714,31,5253
10426,67,Littoral,prépayé,274,936,27,7393
10427,42,Sud-Ouest,prépayé,264,903,28,7770
10428,41,Centre,postpayé,416,1571,33,1848
10429,30,Sud-Ouest,prépayé,169,2366,23,7606
10430,24,Sud-Ouest,prépayé,221,2615,23,1440
10431,53,Centre,postpayé,224,1819,33,6763
10432,62,Nord-Ouest,prépayé,357,1750,30,6859
10433,37,Centre,postpayé,190,599,32,1000
10434,18,Adamaoua,prépayé,227,1228,29,5278
10435,25,Nord-Ouest,postpayé,260,1106,37,3594
10436,63,Centre,postpayé,218,1189,22,2723
10437,33,Littoral,prépayé,155,1415,31,9052
10438,31,Adamaoua,prépayé,219,1263,21,3038
10439,29,Nord-Ouest,prépayé,307,510,22,2580
10440,68,Adamaoua,postpayé,97,1873,31,5227
10441,40,Sud-Ouest,prépayé,213,963,32,7056
10442,32,Adamaoua,postpayé,129,1619,33,4575
10443,45,Nord-Ouest,prépayé,319,2537,27,8499
10444,51,Adamaoua,prépayé,47,1040,38,6592
10445,19,Adamaoua,prépayé,144,234,31,1000
10446,49,Sud-Ouest,postpayé,237,1356,28,3411
10447,40,Sud-Ouest,prépayé,356,2050,29,3314
10448,39,Nord-Ouest,postpayé,193,2479,33,6438
10449,68,Adamaoua,prépayé,144,885,28,1000
10450,42,Nord-Ouest,prépayé,388,1748,19,12647
10451,39,Adamaoua,prépayé,55,1267,33,6593
10452,39,Sud-Ouest,prépayé,0,1447,33,5446
10453,66,Nord-Ouest,prépayé,244,2822,34,8544
10454,69,Littoral,postpayé,149,748,29,12030
10455,59,Littoral,prépayé,97,1626,26,7612
10456,23,Sud-Ouest,postpayé,270,1733,28,7846
10457,32,Sud-Ouest,prépayé,224,2042,27,5392
10458,60,Nord-Ouest,prépayé,143,1548,24,4575
10459,54,Sud-Ouest,postpayé,71,1654,28,3572
10460,50,Littoral,prépayé,287,1304,29,2521
10461,25,Centre,prépayé,265,1634,33,2938
10462,61,Littoral,postpayé,190,1328,32,1000
10463,61,Littoral,postpayé,384,1810,23,4772
10464,22,Littoral,prépayé,92,1315,32,1000
10465,56,Nord-Ouest,prépayé,47,1688,28,5572
10466,21,Centre,prépayé,130,1485,23,4891
10467,23,Littoral,postpayé,195,2063,24,5440
10468,62,Sud-Ouest,postpayé,224,1474,25,3433
10469,49,Sud-Ouest,postpayé,175,613,31,14230
10470,69,Centre,prépayé,235,2130,37,9080
10471,47,Nord-Ouest,postpayé,74,1047,27,1266
10472,64,Nord-Ouest,prépayé,344,1173,31,5698
10473,52,Nord-Ouest,prépayé,191,1202,31,3175
10474,57,Littoral,postpayé,311,2187,28,1956
10475,69,Nord-Ouest,prépayé,234,432,23,1000
10476,33,Adamaoua,postpayé,245,3068,29,6296
10477,30,Nord-Ouest,postpayé,256,2028,21,2955
10478,67,Sud-Ouest,prépayé,244,1611,34,7903
10479,59,Adamaoua,prépayé,264,1472,36,7981
10480,47,Sud-Ouest,postpayé,332,1642,30,9121
10481,36,Littoral,prépayé,219,1760,23,2442
10482,34,Centre,prépayé,270,1822,47,6426
10483,36,Littoral,prépayé,191,1777,34,6897
10484,45,Sud-Ouest,prépayé,344,1544,28,3577
10485,43,Adamaoua,prépayé,132,1401,31,2684
10486,54,Adamaoua,prépayé,380,1424,33,9828
10487,43,Nord-Ouest,prépayé,195,1402,21,5682
10488,40,Sud-Ouest,prépayé,56,2066,26,6907
10489,26,Nord-Ouest,prépayé,212,1796,29,2533
10490,29,Sud-Ouest,prépayé,131,29,28,1342
10491,18,Littoral,postpayé,284,1827,28,3291
10492,18,Littoral,prépayé,134,1597,29,4627
10493,64,Nord-Ouest,postpayé,155,1490,31,1807
10494,51,Centre,prépayé,11,1305,35,4970
10495,49,Littoral,postpayé,154,2062,36,1000
10496,65,Sud-Ouest,postpayé,0,1973,35,1639
10497,42,Nord-Ouest,prépayé,41,1113,29,7012
10498,57,Centre,prépayé,276,1703,31,6811
10499,62,Nord-Ouest,prépayé,278,1014,25,3824
10500,18,Centre,postpayé,242,810,31,1946
10501,33,Sud-Ouest,prépayé,103,1186,19,1917
10502,56,Centre,postpayé,195,1931,35,3880
10503,22,Littoral,prépayé,199,1976,25,6933
10504,39,Nord-Ouest,prépayé,84,1756,20,7784
10505,46,Centre,postpayé,350,1862,24,3510
10506,20,Sud-Ouest,prépayé,287,1758,25,1539
10507,29,Centre,prépayé,177,1179,18,5803
10508,43,Nord-Ouest,postpayé,202,1715,30,2529
10509,33,Centre,prépayé,220,1900,28,3445
10510,68,Littoral,prépayé,0,1877,23,8975
10511,54,Littoral,prépayé,175,2094,19,7481
10512,39,Littoral,prépayé,131,1854,31,5473
10513,46,Sud-Ouest,prépayé,99,1675,37,1184
10514,31,Littoral,postpayé,171,2035,44,5634
10515,45,Sud-Ouest,prépayé,379,1486,21,8187
10516,22,Adamaoua,postpayé,264,1059,24,3873
10517,64,Littoral,prépayé,142,1418,32,9053
10518,66,Centre,prépayé,257,1127,26,8878
10519,47,Centre,prépayé,339,1162,24,9991
10520,63,Nord-Ouest,prépayé,292,1427,22,5915
10521,69,Adamaoua,prépayé,205,1103,26,6762
10522,22,Littoral,prépayé,135,1346,42,9242
10523,29,Sud-Ouest,postpayé,269,553,28,6342
10524,33,Sud-Ouest,prépayé,239,1606,20,3496
10525,43,Sud-Ouest,prépayé,289,1500,33,3654
10526,43,Sud-Ouest,prépayé,263,1091,28,5715
10527,65,Adamaoua,prépayé,304,1829,29,1128
10528,38,Centre,prépayé,146,1968,27,4570
10529,56,Centre,prépayé,331,696,32,8289
10530,53,Centre,postpayé,219,1118,27,1000
10531,50,Centre,prépayé,407,1115,25,9603
10532,47,Sud-Ouest,postpayé,131,1030,24,8367
10533,54,Nord-Ouest,prépayé,373,1914,33,3620
10534,40,Littoral,prépayé,219,1403,30,6630
10535,27,Sud-Ouest,postpayé,134,1367,20,5009
10536,22,Sud-Ouest,prépayé,151,498,27,8689
10537,53,Centre,postpayé,167,1817,37,7948
10538,51,Sud-Ouest,prépayé,242,880,25,1000
10539,69,Sud-Ouest,prépayé,252,1529,24,6761
10540,48,Centre,prépayé,142,1638,27,4383
10541,27,Adamaoua,postpayé,197,2180,29,5248
10542,36,Adamaoua,prépayé,414,845,37,2815
10543,49,Centre,prépayé,372,0,33,10244
10544,18,Centre,prépayé,243,1591,29,8120
10545,22,Littoral,prépayé,203,2400,28,2780
10546,62,Sud-Ouest,postpayé,212,2119,33,1000
10547,21,Adamaoua,postpayé,261,1604,23,3842
10548,33,Littoral,postpayé,97,1254,25,6303
10549,41,Sud-Ouest,postpayé,174,1903,33,5720
10550,33,Centre,prépayé,33,1013,29,8759
10551,19,Sud-Ouest,postpayé,239,1738,31,7369
10552,66,Sud-Ouest,prépayé,264,1752,24,7908
10553,45,Centre,prépayé,151,2030,31,5980
10554,49,Sud-Ouest,prépayé,357,2879,25,1000
10555,44,Adamaoua,prépayé,77,1696,35,4412
10556,37,Sud-Ouest,postpayé,53,1245,26,8180
10557,41,Centre,prépayé,222,1487,31,4845
10558,29,Adamaoua,prépayé,304,615,34,6509
10559,67,Sud-Ouest,prépayé,368,1152,30,4043
10560,52,Littoral,postpayé,154,1295,26,1910
10561,50,Nord-Ouest,prépayé,307,1237,32,4629
10562,50,Littoral,prépayé,196,1576,26,5927
10563,68,Nord-Ouest,prépayé,182,1088,30,3032
10564,60,Littoral,prépayé,288,2060,34,4292
10565,54,Adamaoua,postpayé,265,1500,31,2181
10566,29,Adamaoua,postpayé,42,1495,24,8357
10567,20,Centre,prépayé,347,1336,21,4116
10568,18,Adamaoua,postpayé,338,1577,31,9358
10569,50,Sud-Ouest,postpayé,137,1912,30,9586
10570,57,Adamaoua,prépayé,239,1066,24,4756
10571,27,Sud-Ouest,postpayé,249,1170,37,1974
10572,60,Nord-Ouest,prépayé,226,1348,38,1000
10573,61,Sud-Ouest,prépayé,144,827,36,1000
10574,46,Adamaoua,prépayé,132,1090,31,1000
10575,30,Littoral,prépayé,197,1261,26,9135
10576,29,Adamaoua,postpayé,317,1937,26,5347
10577,48,Nord-Ouest,postpayé,254,1631,31,6168
10578,63,Nord-Ouest,prépayé,162,1596,29,1000
10579,19,Nord-Ouest,prépayé,277,1925,21,1406
10580,68,Sud-Ouest,postpayé,0,1431,24,7661
10581,67,Littoral,prépayé,314,1695,25,5860
10582,52,Adamaoua,postpayé,26,1448,28,4558
10583,40,Adamaoua,prépayé,163,1632,33,6694
10584,34,Centre,prépayé,88,1208,40,9907
10585,43,Adamaoua,prépayé,70,280,29,4336
10586,25,Littoral,prépayé,316,1432,33,5208
10587,46,Nord-Ouest,prépayé,153,2211,34,5577
10588,43,Sud-Ouest,postpayé,234,1963,37,12176
10589,27,Littoral,prépayé,195,1982,26,1000
10590,43,Centre,postpayé,247,2118,23,7049
10591,51,Adamaoua,postpayé,207,1544,30,4655
10592,68,Centre,postpayé,71,1598,25,6700
10593,58,Littoral,prépayé,299,1191,34,3027
10594,24,Sud-Ouest,prépayé,150,1341,28,4853
10595,21,Littoral,prépayé,44,1807,40,7134
10596,67,Adamaoua,prépayé,157,2101,35,14338
10597,62,Sud-Ouest,prépayé,350,1430,28,7424
10598,28,Littoral,prépayé,285,1274,33,2455
10599,46,Centre,prépayé,165,1500,31,3728
10600,53,Adamaoua,prépayé,165,1800,30,3639
10601,42,Centre,postpayé,167,778,29,1000
10602,38,Sud-Ouest,prépayé,407,351,34,4009
10603,53,Nord-Ouest,prépayé,238,1224,28,7198
10604,27,Sud-Ouest,postpayé,243,889,25,1177
10605,54,Sud-Ouest,prépayé,303,1245,39,8145
10606,26,Sud-Ouest,postpayé,223,1426,36,6463
10607,41,Nord-Ouest,prépayé,174,1273,43,2797
10608,52,Sud-Ouest,postpayé,180,2226,27,4575
10609,66,Centre,prépayé,192,1663,30,9794
10610,52,Littoral,prépayé,196,1650,26,7200
10611,65,Sud-Ouest,prépayé,272,1811,27,5026
10612,53,Littoral,prépayé,205,930,23,4286
10613,35,Nord-Ouest,prépayé,273,2019,42,5229
10614,66,Nord-Ouest,postpayé,191,1462,27,3464
10615,56,Nord-Ouest,prépayé,207,1835,32,1000
10616,49,Nord-Ouest,prépayé,0,964,22,11126
10617,41,Sud-Ouest,prépayé,291,723,27,5465
10618,40,Littoral,prépayé,234,1908,34,6194
10619,49,Sud-Ouest,prépayé,299,1688,42,4826
10620,54,Littoral,postpayé,0,1048,37,2794
10621,29,Littoral,prépayé,408,1065,33,4442
10622,66,Centre,postpayé,186,2062,33,1000
10623,30,Centre,prépayé,310,905,37,11831
10624,40,Centre,prépayé,96,2321,30,1296
10625,42,Nord-Ouest,prépayé,261,1049,28,1904
10626,52,Sud-Ouest,prépayé,94,1819,36,3679
10627,58,Centre,prépayé,137,1335,24,8864
10628,47,Littoral,prépayé,391,1801,30,5043
10629,34,Nord-Ouest,prépayé,180,1227,29,1291
10630,66,Sud-Ouest,prépayé,221,1418,36,8763
10631,37,Adamaoua,prépayé,287,1520,22,7193
10632,65,Nord-Ouest,postpayé,249,998,33,6615
10633,42,Littoral,postpayé,215,1870,28,7147
10634,39,Centre,postpayé,236,1243,34,12183
10635,30,Centre,postpayé,440,1385,28,11555
10636,36,Littoral,prépayé,194,1002,33,2939
10637,66,Centre,prépayé,220,218,26,9871
10638,53,Centre,prépayé,305,1404,41,6149
10639,29,Nord-Ouest,prépayé,310,2706,35,6497
10640,58,Littoral,prépayé,318,1892,23,1000
10641,36,Adamaoua,prépayé,263,1490,28,4488
10642,29,Nord-Ouest,prépayé,85,1368,27,2561
10643,26,Sud-Ouest,prépayé,363,1511,29,7484
10644,24,Centre,prépayé,85,1773,30,8213
10645,45,Adamaoua,prépayé,230,909,26,1000
10646,31,Nord-Ouest,prépayé,124,2057,33,4933
10647,48,Adamaoua,prépayé,193,1857,29,8365
10648,69,Nord-Ouest,postpayé,232,1859,35,4439
10649,36,Nord-Ouest,prépayé,232,1719,36,7187
10650,64,Nord-Ouest,prépayé,242,1509,29,6053
10651,33,Centre,prépayé,361,1836,26,6024
10652,22,Centre,prépayé,245,1795,30,4186
10653,52,Adamaoua,postpayé,175,1322,29,1350
10654,29,Nord-Ouest,prépayé,296,1213,27,1635
10655,42,Adamaoua,prépayé,318,1550,25,7128
10656,69,Nord-Ouest,prépayé,77,2274,25,5058
10657,38,Centre,prépayé,259,880,39,4584
10658,53,Sud-Ouest,prépayé,270,766,34,3728
10659,40,Centre,postpayé,170,1582,22,4084
10660,33,Centre,prépayé,337,1525,29,8140
10661,56,Nord-Ouest,postpayé,184,1586,30,3994
10662,62,Littoral,prépayé,212,1621,28,1000
10663,59,Adamaoua,prépayé,182,1388,34,7230
10664,56,Centre,prépayé,201,2244,25,4385
10665,31,Sud-Ouest,prépayé,90,699,24,5094
10666,48,Sud-Ouest,postpayé,55,1085,28,9822
10667,22,Sud-Ouest,prépayé,359,1448,27,4938
10668,52,Littoral,prépayé,115,678,33,5867
10669,40,Nord-Ouest,prépayé,100,1412,34,1463
10670,46,Nord-Ouest,postpayé,0,2330,37,4340
10671,60,Nord-Ouest,prépayé,136,1510,33,6828
10672,28,Adamaoua,postpayé,67,1615,25,1000
10673,35,Adamaoua,postpayé,364,869,27,5602
10674,64,Littoral,postpayé,300,1191,25,5302
10675,29,Sud-Ouest,prépayé,131,1312,20,5123
10676,26,Sud-Ouest,prépayé,425,1341,31,8111
10677,27,Sud-Ouest,prépayé,298,2140,29,6003
10678,61,Adamaoua,prépayé,167,1778,30,9434
10679,34,Littoral,prépayé,0,944,19,2019
10680,55,Littoral,prépayé,429,1623,27,5407
10681,24,Sud-Ouest,prépayé,61,1749,24,5253
10682,63,Centre,postpayé,35,2070,22,1792
10683,30,Centre,prépayé,302,2290,22,7868
10684,57,Centre,postpayé,443,992,39,11974
10685,59,Centre,prépayé,338,1094,36,4948
10686,26,Nord-Ouest,prépayé,256,871,26,6515
10687,67,Nord-Ouest,postpayé,259,1382,24,5253
10688,44,Littoral,prépayé,285,1733,38,2859
10689,19,Littoral,postpayé,275,1993,26,1000
10690,22,Sud-Ouest,prépayé,228,1462,28,2882
10691,46,Sud-Ouest,postpayé,210,1340,31,1000
10692,54,Nord-Ouest,postpayé,193,1575,33,10112
10693,55,Sud-Ouest,prépayé,124,1082,27,4654
10694,36,Adamaoua,prépayé,171,2544,35,3962
10695,25,Sud-Ouest,prépayé,30,696,32,7667
10696,65,Sud-Ouest,prépayé,190,1592,31,1634
10697,62,Sud-Ouest,prépayé,101,2511,28,2699
10698,18,Adamaoua,prépayé,89,1503,16,5204
10699,39,Nord-Ouest,prépayé,217,1404,27,8086
10700,69,Nord-Ouest,prépayé,339,1321,24,6505
10701,34,Sud-Ouest,prépayé,291,1409,42,5744
10702,24,Adamaoua,prépayé,42,2186,35,5234
10703,42,Adamaoua,prépayé,101,394,35,6200
10704,62,Centre,prépayé,294,2266,32,5604
10705,21,Centre,prépayé,101,788,39,1910
10706,53,Littoral,postpayé,177,1366,32,5138
10707,23,Sud-Ouest,postpayé,255,1285,20,1778
10708,48,Nord-Ouest,prépayé,103,1794,27,5243
10709,36,Littoral,prépayé,210,700,28,3558
10710,61,Centre,postpayé,66,1731,32,12618
10711,56,Sud-Ouest,prépayé,139,2512,28,4880
10712,44,Sud-Ouest,postpayé,231,818,24,1000
10713,27,Adamaoua,prépayé,40,1594,27,4597
10714,43,Nord-Ouest,postpayé,244,1169,32,6558
10715,36,Nord-Ouest,prépayé,198,1712,28,10020
10716,56,Centre,prépayé,255,1509,25,3231
10717,20,Centre,postpayé,222,1179,35,1000
10718,62,Nord-Ouest,prépayé,336,1743,27,7450
10719,30,Littoral,postpayé,212,2402,27,1000
10720,67,Littoral,postpayé,157,1404,32,3691
10721,45,Centre,prépayé,212,1859,28,4227
10722,37,Adamaoua,prépayé,254,853,23,4791
10723,45,Adamaoua,prépayé,204,1021,22,7067
10724,25,Nord-Ouest,postpayé,204,1736,40,2949
10725,58,Adamaoua,postpayé,129,2242,45,4178
10726,56,Adamaoua,postpayé,133,1677,34,4957
10727,18,Sud-Ouest,prépayé,59,1343,38,5448
10728,20,Littoral,postpayé,374,1499,30,5293
10729,30,Centre,prépayé,75,874,27,6308
10730,45,Sud-Ouest,prépayé,130,1802,34,7531
10731,66,Nord-Ouest,prépayé,128,1941,42,6177
10732,42,Sud-Ouest,prépayé,289,1273,32,6360
10733,50,Adamaoua,postpayé,170,1264,18,1000
10734,55,Centre,prépayé,324,1632,29,5150
10735,23,Nord-Ouest,prépayé,132,1281,29,6438
10736,61,Sud-Ouest,prépayé,227,1466,44,7186
10737,62,Nord-Ouest,postpayé,116,2549,30,2922
10738,49,Centre,prépayé,414,1376,39,3022
10739,62,Littoral,prépayé,81,1320,34,3277
10740,64,Littoral,prépayé,230,1176,27,6609
10741,38,Sud-Ouest,prépayé,263,1872,37,8101
10742,33,Adamaoua,prépayé,241,1409,32,3777
10743,38,Littoral,prépayé,181,1175,35,7723
10744,28,Sud-Ouest,postpayé,187,2160,28,5370
10745,54,Littoral,postpayé,204,2209,28,4627
10746,53,Adamaoua,postpayé,185,1199,29,4365
10747,52,Adamaoua,postpayé,296,566,28,7239
10748,36,Nord-Ouest,prépayé,421,2003,24,5976
10749,37,Nord-Ouest,prépayé,144,1157,31,11827
10750,35,Littoral,prépayé,63,1895,26,2443
10751,64,Littoral,prépayé,191,514,30,6554
10752,58,Adamaoua,prépayé,457,1946,43,3412
10753,66,Nord-Ouest,prépayé,119,894,30,2392
10754,31,Nord-Ouest,prépayé,363,1865,30,4967
10755,32,Adamaoua,prépayé,367,1507,26,5412
10756,48,Sud-Ouest,postpayé,144,1023,22,13754
10757,18,Nord-Ouest,prépayé,256,1296,33,4447
10758,20,Nord-Ouest,prépayé,362,1843,31,1609
10759,33,Centre,postpayé,162,1552,34,5819
10760,40,Littoral,postpayé,179,1792,34,1000
10761,28,Sud-Ouest,prépayé,141,2488,27,4724
10762,29,Sud-Ouest,prépayé,98,717,22,5048
10763,27,Sud-Ouest,prépayé,135,2308,36,7383
10764,49,Littoral,prépayé,77,1552,28,7920
10765,33,Nord-Ouest,prépayé,203,1050,37,3489
10766,25,Adamaoua,prépayé,123,834,37,4548
10767,55,Nord-Ouest,prépayé,223,1405,24,2701
10768,29,Sud-Ouest,postpayé,44,1960,24,1615
10769,41,Centre,prépayé,233,1436,30,5929
10770,45,Adamaoua,prépayé,283,2255,24,1179
10771,25,Sud-Ouest,prépayé,0,774,31,3756
10772,45,Littoral,postpayé,237,1493,33,2014
10773,53,Centre,prépayé,322,873,40,6649
10774,43,Nord-Ouest,prépayé,79,1681,26,10404
10775,25,Nord-Ouest,postpayé,367,1943,34,1095
10776,67,Centre,postpayé,241,1289,27,1000
10777,45,Adamaoua,prépayé,129,197,31,4625
10778,45,Adamaoua,prépayé,194,1599,24,5047
10779,54,Nord-Ouest,prépayé,255,1718,34,5655
10780,58,Centre,prépayé,207,1702,24,3661
10781,53,Adamaoua,postpayé,253,2117,32,4398
10782,44,Nord-Ouest,postpayé,107,964,30,6102
10783,34,Sud-Ouest,postpayé,216,1840,27,8121
10784,26,Nord-Ouest,postpayé,58,2096,25,1000
10785,50,Littoral,prépayé,188,610,24,3893
10786,37,Adamaoua,prépayé,109,1659,29,5641
10787,30,Adamaoua,postpayé,126,1247,29,2246
10788,45,Littoral,prépayé,323,1459,31,10193
10789,65,Nord-Ouest,prépayé,309,1673,40,3093
10790,46,Littoral,prépayé,260,1256,30,4876
10791,30,Adamaoua,prépayé,90,1162,34,6668
10792,63,Nord-Ouest,prépayé,168,1517,30,3226
10793,52,Adamaoua,prépayé,321,956,39,1000
10794,23,Adamaoua,postpayé,214,957,31,3714
10795,35,Littoral,prépayé,431,1839,30,8088
10796,68,Sud-Ouest,prépayé,239,925,32,3989
10797,22,Nord-Ouest,prépayé,219,1833,30,2460
10798,64,Adamaoua,prépayé,169,1731,20,7777
10799,42,Nord-Ouest,prépayé,213,637,36,4007
10800,19,Adamaoua,prépayé,184,1161,24,3469
10801,27,Littoral,prépayé,270,2097,35,5448
10802,47,Littoral,prépayé,295,1009,31,7312
10803,67,Nord-Ouest,prépayé,121,1267,15,12145
10804,62,Adamaoua,prépayé,66,1731,36,7481
10805,22,Nord-Ouest,postpayé,16,1891,17,8479
10806,50,Centre,prépayé,250,1374,36,3482
10807,18,Nord-Ouest,postpayé,89,1201,29,1922
10808,35,Littoral,prépayé,0,2211,29,5186
10809,49,Nord-Ouest,prépayé,238,2369,31,5321
10810,64,Nord-Ouest,postpayé,449,1989,27,1764
10811,66,Nord-Ouest,prépayé,199,1542,28,4474
10812,28,Littoral,postpayé,283,1095,32,6197
10813,38,Centre,postpayé,208,1084,26,6081
10814,43,Sud-Ouest,prépayé,190,1761,29,6512
10815,42,Nord-Ouest,prépayé,291,1709,34,5872
10816,39,Littoral,postpayé,170,2200,27,3478
10817,44,Sud-Ouest,prépayé,226,1825,19,3458
10818,66,Centre,prépayé,232,748,39,1403
10819,30,Sud-Ouest,postpayé,133,2025,31,10354
10820,50,Sud-Ouest,prépayé,299,1000,27,5040
10821,51,Adamaoua,prépayé,182,1308,31,4325
10822,58,Littoral,prépayé,124,1625,22,2213
10823,52,Sud-Ouest,postpayé,253,2497,45,13806
10824,18,Adamaoua,postpayé,110,3054,32,1780
10825,38,Adamaoua,postpayé,202,1803,31,3713
10826,65,Nord-Ouest,prépayé,199,1408,31,6247
10827,23,Centre,postpayé,308,1767,28,6800
10828,45,Nord-Ouest,prépayé,247,1943,32,7873
10829,34,Nord-Ouest,postpayé,197,1339,32,10422
10830,22,Adamaoua,postpayé,281,2397,27,6518
10831,48,Adamaoua,prépayé,339,1615,39,1831
10832,22,Nord-Ouest,prépayé,255,1748,33,4229
10833,55,Nord-Ouest,postpayé,201,1832,24,5923
10834,20,Nord-Ouest,postpayé,68,1710,30,11204
10835,40,Sud-Ouest,postpayé,93,1919,32,1000
10836,54,Nord-Ouest,postpayé,169,1191,27,8607
10837,54,Sud-Ouest,prépayé,139,1220,25,5539
10838,27,Centre,prépayé,181,949,25,7513
10839,27,Nord-Ouest,prépayé,205,1719,29,4694
10840,36,Adamaoua,postpayé,252,1889,29,2472
10841,34,Littoral,prépayé,192,1728,38,7252
10842,38,Sud-Ouest,postpayé,248,2337,31,6963
10843,31,Sud-Ouest,prépayé,206,1497,28,7916
10844,26,Adamaoua,prépayé,2,1834,33,4960
10845,63,Adamaoua,postpayé,106,954,41,3200
10846,18,Adamaoua,postpayé,185,1306,27,1000
10847,68,Littoral,prépayé,79,1847,25,7458
10848,62,Littoral,prépayé,259,1924,34,6271
10849,30,Sud-Ouest,prépayé,353,1353,28,2102
10850,21,Sud-Ouest,prépayé,321,1464,32,3384
10851,18,Adamaoua,prépayé,178,741,35,3599
10852,66,Centre,prépayé,349,1321,37,1000
10853,57,Centre,prépayé,214,1945,42,2546
10854,49,Sud-Ouest,postpayé,166,1787,27,1598
10855,51,Adamaoua,postpayé,138,1750,28,3762
10856,45,Adamaoua,prépayé,169,1524,29,2783
10857,48,Sud-Ouest,postpayé,161,1503,25,1000
10858,25,Nord-Ouest,prépayé,217,1169,27,11067
10859,56,Centre,postpayé,216,1849,24,8757
10860,43,Sud-Ouest,postpayé,200,1710,28,2662
10861,51,Adamaoua,postpayé,243,1746,31,5817
10862,20,Nord-Ouest,prépayé,319,1236,23,6252
10863,67,Sud-Ouest,prépayé,294,423,33,8573
10864,29,Adamaoua,prépayé,51,2048,33,2544
10865,18,Centre,prépayé,0,1260,30,8276
10866,61,Sud-Ouest,prépayé,293,1068,33,3356
10867,22,Littoral,prépayé,63,1846,30,1000
10868,47,Littoral,prépayé,177,1303,34,7172
10869,47,Centre,prépayé,82,2029,29,8872
10870,34,Nord-Ouest,prépayé,19,1808,28,12763
10871,65,Nord-Ouest,postpayé,254,1841,33,1400
10872,64,Sud-Ouest,postpayé,275,817,37,7096
10873,40,Centre,prépayé,142,2105,20,3770
10874,32,Centre,postpayé,0,1630,29,7350
10875,54,Adamaoua,prépayé,145,1315,25,1000
10876,38,Sud-Ouest,prépayé,239,1571,31,1211
10877,31,Littoral,prépayé,52,611,26,2672
10878,19,Adamaoua,prépayé,218,1704,37,5236
10879,28,Centre,prépayé,198,985,24,3076
10880,68,Nord-Ouest,prépayé,257,823,27,6977
10881,56,Littoral,prépayé,211,738,29,8080
10882,55,Littoral,prépayé,102,2056,24,6798
10883,51,Centre,postpayé,319,1185,41,9856
10884,55,Adamaoua,postpayé,184,2266,29,6247
10885,67,Adamaoua,prépayé,197,1232,21,1349
10886,51,Sud-Ouest,prépayé,106,646,26,9090
10887,35,Centre,postpayé,155,941,16,3184
10888,47,Nord-Ouest,prépayé,111,2117,35,7731
10889,32,Littoral,prépayé,182,1422,29,9721
10890,44,Nord-Ouest,prépayé,371,1225,29,6370
10891,68,Sud-Ouest,prépayé,62,1580,35,1000
10892,51,Nord-Ouest,prépayé,38,1750,29,2245
10893,69,Littoral,postpayé,347,2058,30,8968
10894,55,Adamaoua,prépayé,179,2224,27,4492
10895,50,Centre,prépayé,133,1320,30,5238
10896,41,Littoral,prépayé,303,836,23,7276
10897,32,Nord-Ouest,prépayé,139,1293,26,7088
10898,47,Littoral,prépayé,382,1630,21,5836
10899,59,Nord-Ouest,prépayé,267,1018,29,4373
10900,68,Nord-Ouest,prépayé,151,1021,26,4061
10901,34,Adamaoua,prépayé,415,1671,21,7573
10902,22,Littoral,postpayé,139,1475,27,6660
10903,46,Adamaoua,postpayé,274,1516,39,4228
10904,21,Sud-Ouest,prépayé,229,1120,21,8246
10905,27,Littoral,prépayé,330,1384,44,4612
10906,34,Nord-Ouest,postpayé,356,1037,29,2445
10907,27,Sud-Ouest,prépayé,203,1945,26,2723
10908,34,Sud-Ouest,prépayé,124,2017,30,2063
10909,37,Centre,prépayé,245,576,37,4182
10910,41,Sud-Ouest,prépayé,132,1035,32,8701
10911,22,Nord-Ouest,prépayé,401,751,31,2584
10912,51,Adamaoua,prépayé,213,1174,32,5565
10913,23,Littoral,prépayé,163,1458,35,3029
10914,19,Sud-Ouest,prépayé,218,775,28,4219
10915,30,Sud-Ouest,prépayé,65,1039,29,1000
10916,60,Littoral,prépayé,102,998,30,4338
10917,60,Sud-Ouest,prépayé,320,1603,31,4418
10918,65,Sud-Ouest,prépayé,134,1534,36,6620
10919,28,Sud-Ouest,prépayé,95,1139,25,5669
10920,68,Sud-Ouest,prépayé,253,1588,26,1404
10921,64,Sud-Ouest,postpayé,318,1226,32,8252
10922,40,Adamaoua,prépayé,271,1364,29,5630
10923,33,Sud-Ouest,prépayé,299,2336,31,5595
10924,48,Adamaoua,prépayé,124,2170,23,4972
10925,28,Sud-Ouest,prépayé,57,850,37,3446
10926,33,Littoral,prépayé,350,1914,34,5653
10927,25,Nord-Ouest,postpayé,167,1905,21,6426
10928,21,Nord-Ouest,postpayé,174,925,28,1000
10929,57,Sud-Ouest,prépayé,332,1909,43,3383
10930,21,Centre,postpayé,255,2268,27,4235
10931,42,Littoral,postpayé,245,938,45,5768
10932,20,Sud-Ouest,prépayé,416,1041,27,8579
10933,49,Centre,prépayé,135,2008,33,2684
10934,20,Centre,prépayé,292,1635,34,3506
10935,44,Nord-Ouest,prépayé,205,1775,18,3462
10936,46,Adamaoua,postpayé,226,1670,28,2595
10937,49,Nord-Ouest,postpayé,352,1695,30,3958
10938,67,Adamaoua,prépayé,250,836,24,7312
10939,68,Adamaoua,postpayé,253,2023,29,1838
10940,36,Littoral,prépayé,307,2084,33,6283
10941,38,Adamaoua,prépayé,163,1385,32,1000
10942,22,Nord-Ouest,postpayé,116,1478,33,3315
10943,35,Adamaoua,postpayé,95,734,31,4011
10944,45,Sud-Ouest,postpayé,3,1757,25,10024
10945,59,Littoral,prépayé,405,1786,29,4175
10946,39,Centre,prépayé,89,1468,20,1000
10947,38,Adamaoua,postpayé,177,2062,27,1000
10948,23,Centre,prépayé,172,1332,31,5102
10949,18,Adamaoua,postpayé,230,1782,26,6841
10950,22,Adamaoua,postpayé,281,990,25,6126
10951,58,Sud-Ouest,prépayé,286,1488,33,5502
10952,29,Adamaoua,prépayé,141,1412,28,8486
10953,43,Adamaoua,prépayé,183,1612,35,3381
10954,63,Adamaoua,prépayé,228,1315,20,7684
10955,51,Littoral,prépayé,175,1434,26,1000
10956,66,Sud-Ouest,prépayé,360,1913,36,2285
10957,31,Centre,prépayé,249,1281,33,1000
10958,43,Nord-Ouest,prépayé,273,696,19,4175
10959,62,Nord-Ouest,prépayé,266,2374,27,4861
10960,44,Sud-Ouest,postpayé,317,2190,35,5342
10961,26,Sud-Ouest,prépayé,218,853,36,5185
10962,43,Nord-Ouest,prépayé,70,1844,29,2217
10963,64,Adamaoua,prépayé,239,1248,25,4429
10964,39,Adamaoua,prépayé,134,1631,23,1000
10965,64,Centre,prépayé,147,1647,31,9089
10966,47,Littoral,prépayé,258,1382,30,4089
10967,60,Centre,prépayé,323,1108,31,3533
10968,65,Adamaoua,postpayé,202,1154,31,9766
10969,34,Nord-Ouest,prépayé,230,1041,30,1273
10970,43,Adamaoua,prépayé,370,1084,25,1623
10971,53,Littoral,prépayé,224,1466,27,1711
10972,18,Centre,postpayé,460,1142,30,4796
10973,25,Adamaoua,postpayé,256,1841,26,6294
10974,66,Adamaoua,prépayé,23,2243,37,7219
10975,52,Littoral,postpayé,275,1209,22,12715
10976,69,Nord-Ouest,prépayé,238,1619,35,1000
10977,32,Centre,postpayé,328,1749,22,6826
10978,64,Adamaoua,postpayé,267,1736,36,3328
10979,39,Littoral,prépayé,186,1537,32,3240
10980,31,Nord-Ouest,prépayé,77,1871,30,3140
10981,43,Centre,prépayé,179,1741,32,2273
10982,45,Adamaoua,prépayé,114,881,29,10053
10983,40,Centre,prépayé,141,1934,31,7526
10984,31,Nord-Ouest,postpayé,258,1943,33,5069
10985,41,Sud-Ouest,prépayé,366,1118,24,9053
10986,19,Sud-Ouest,postpayé,239,1518,30,1000
10987,62,Adamaoua,prépayé,80,1841,22,1007
10988,43,Nord-Ouest,prépayé,244,1395,32,1000
10989,31,Sud-Ouest,prépayé,319,2036,22,2901
10990,68,Centre,postpayé,139,2681,26,5485
10991,24,Nord-Ouest,prépayé,186,1107,26,5308
10992,20,Centre,prépayé,201,809,41,5448
10993,64,Nord-Ouest,prépayé,121,1651,36,1000
10994,40,Nord-Ouest,postpayé,264,1860,22,7409
10995,63,Adamaoua,postpayé,187,1384,26,5718
10996,60,Centre,prépayé,241,2226,26,7199
10997,64,Littoral,prépayé,111,830,40,1000
10998,62,Nord-Ouest,prépayé,156,1846,33,5934
10999,35,Adamaoua,prépayé,272,1197,49,1436
11000,55,Adamaoua,prépayé,162,2359,36,3808
